Sindh Madressatul Islam University
Academic Calendar

ACADEMIC CALENDAR SPRING 2026
Fee Submission: Wednesday, 21st January 2026 to Monday, 2nd February 2026
Course Registration: Monday, 26th January 2026 to Wednesday, 4th February 2026
Commencement of Classes: Monday, 9th February 2026 to Sunday, 7th June 2026
Add / Drop / Withdrawal / Freezing Courses / Semester: Monday, 9th February 2026 to Monday, 23rd February 2026
Mid-Term Examinations: Monday, 6th April 2026 to Sunday, 12th April 2026
Final Term Examinations: Monday, 8th June 2026 to Sunday, 14th June 2026
Result Announcement: Monday, 22nd June 2026

ACADEMIC CALENDAR SUMMER 2025
Fee Submission & Course Registration: Tuesday, 01st July 2025 to Friday, 4th July 2025
Commencement of Classes: Tuesday, 01st July 2025 to Friday, 22nd August 2025
Add/Drop/Withdrawal/Freezing Courses/Semester: Thursday, 03rd July 2025 to Thursday, 10th July 2025
Mid-Term Examinations: Tuesday, 29th July 2025 to Wednesday, 30th July 2025
Final Term Examinations: Tuesday, 26th August 2025 to Wednesday, 27th August 2025
Result Announcement: Saturday, 30th August 2025

HOLIDAYS SUMMER 2025
Ashura: Saturday, 5th July 2025 to Sunday, 6th July 2025 (Dates may vary subject to Sighting of Moon)
Independence Day: Thursday, 14th August 2025 (Public Holiday)
Chehlum Imam Hussain (R.A): Friday, 15th August 2025 (Subject to announced by Govt. and may vary at sighting of moon.)
Eid-Milad-un-Nabi (S.A.W.W): Thursday, 4th September 2025 (Dates may vary subject to Sighting of Moon)

ACADEMIC CALENDAR FALL 2025
Fee Submission: Friday, 29th August 2025 to Saturday, 6th September 2025
Course Registration: Monday, 8th September 2025 to Saturday, 13th September 2025
Commencement of Classes: Monday, 15th September 2025 to Sunday, 11th January 2026
Add /Drop /Withdrawal /Freezing Courses/Semester: Monday, 15th September 2025 to Monday, 29th September 2025
Mid-Term Examinations: Monday, 10th November 2025 to Sunday, 16th November 2025
Final Term Examinations: Monday, 12th January 2026 to Sunday, 18th January 2026
Result Announcement: Monday, 26th January 2026

HOLIDAYS FALL 2025
Chehlum Imam Hussain (R.A): Friday, 15th August 2025 (May vary depending on moon sighting)
Eid Milad-un-Nabi (S.A.W.W): Thursday, 4th September 2025 (Date may vary depending on moon sighting)
Death Anniversary of Quaid-e-Azam: Thursday, 11th September 2025 (Subject to Govt. announcement)
Iqbal Day: Sunday, 9th November 2025 (Subject to Govt. notification)
Quaid-e-Azam Day: Thursday, 25th December 2025 (Public Holiday)
Death Anniversary of Benazir Bhutto: Saturday, 27th December 2025 (Subject to Govt. notification)
Kashmir Day: Thursday, 5th February 2026 (Public Holiday)

ACADEMIC CALENDAR SPRING 2025
Fee Submission: Monday, 27th January 2025 to Thursday, 6th February 2025
Course Registration: Monday, 3rd February 2025 to Wednesday, 12th February 2025
Commencement of Classes: Monday, 17th February 2025 to Sunday, 15th June 2025
Add/Drop/Withdrawal/Freezing Courses/Semester: Monday, 17th February 2025 to Monday, 3rd March 2025
Mid-Term Examinations: Monday, 14th April 2025 to Sunday, 20th April 2025
Final Term Examinations: Monday, 16th June 2025 to Sunday, 22nd June 2025
Result Announcement: Monday, 30th June 2025

HOLIDAYS SPRING 2025
Kashmir Day: Wednesday, 5th February 2025 (Public Holiday)
Pakistan Day: Sunday, 23rd March 2025 (Public Holiday)
Death Anniversary of Zulfiqar Ali Bhutto: Friday, 4th April 2025 (Subject to Announced by Govt.)
Eid-ul-Fitr: Monday, 31st March to Wednesday, 2nd April 2025 (Date may vary subject to Sighting of Moon)
Labour’s Day: Thursday, 1st May 2025
Eid-ul-Azha: Saturday, 7th June to Monday, 9th June 2025 (Date may vary subject to Sighting of Moon)
Ashura: Saturday 5th July to Sunday 6th July 2025 (Date may vary subject to Sighting of Moon)

ACADEMIC CALENDAR FALL 2024
Fee Submission: Friday, 31st August 2024 to Saturday, 7th September 2024
Course Registration: Monday, 9th September 2024 to Saturday, 14th September 2024
Commencement of Classes: Wednesday, 18th September 2024 to Sunday, 12th January 2025
Add /Drop /Withdrawal /Freezing Courses/Semester: Wednesday, 18th September 2024 to Tuesday, 2nd October 2024
Mid-Term Examinations: Monday, 11th November 2024 to Sunday, 17th November 2024
Final Term Examinations: Monday, 13th January 2025 to Sunday, 19th January 2025
Result Announcement: Monday, 27th January 2025

HOLIDAYS FALL 2024
Chehlum Imam Hussain (R.A): Monday, 26th August 2024 (Subject to announced by Govt. and may vary at sighting of moon.)
Death Anniversary of Quaid-e-Azam: Wednesday, 11th September 2024 (Subject to announced by Govt.)
Eid Milad-un-Nabi (S.A.W.W): Tuesday, 17th September 2024 (Date may vary subject to sighting of moon.)
Iqbal Day: Saturday, 9th November 2024 (Subject to announced by Govt.)
Quaid-e-Azam Day: Wednesday, 25th December 2024 (Public Holiday)
Death Anniversary of Benazir Bhutto: Friday, 27th December 2024 (Subject to announced by Govt.)
Kashmir Day: Wednesday, 5th February 2025

ACADEMIC CALENDAR SPRING 2024
Fee Submission: Friday, 26th January 2024 to Thursday, 15th February 2024
Course Registration: Monday, 12th February 2024 to Monday, 19th February 2024
Commencement of Classes: Monday, 19th February 2024 to Sunday, 16th June 2024
Add/Drop/Withdrawal/Freezing Courses/Semester: Monday, 19th February 2024 to Monday, 4th March 2024
Mid-Term Examinations: Monday, 22nd April 2024 to Sunday, 28th April 2024 (Held in 10th week due to Eid-ul-Fitr)
Final Term Examinations: Monday, 1st July 2024 to Sunday, 7th July 2024 (Held in 20th week due to Eid-ul-Azha)
Result Announcement: Monday, 15th July 2024

HOLIDAYS SPRING 2024
Kashmir Day: Monday, 5th February 2024 (Public Holiday)
General Elections: Tuesday 6th February to Friday 9th February 2024
Pakistan Day: Saturday, 23rd March 2024 (Public Holiday)
Death Anniversary of Zulfiqar Ali Bhutto: Thursday, 4th April 2024 (Subject to Announced by Govt.)
Eid-ul-Fitr: Wednesday, 10th April to Friday, 12th April 2024 (Date may vary subject to Sighting of Moon)
Labour’s Day: Wednesday, 1st May 2024
Eid-ul-Azha: Monday, 17th June to Wednesday, 19th June 2024 (Date may vary subject to Sighting of Moon)
Aushura: Tuesday 16th July to Wednesday 17th July 2024 (Date may vary subject to Sighting of Moon)

ACADEMIC CALENDAR FALL 2023
Fee Submission: Tuesday, 22nd August 2023 to Friday, 8th September 2023
Course Registration: Monday, 4th September 2023 to Friday, 15th September 2023
Commencement of Classes: Monday, 18th September 2023 to Sunday, 14th January 2024
Add/Drop/Withdrawal/Freezing Courses/Semester: Monday, 18th September 2023 to Monday, 02nd October 2023
Mid-Term Examinations: Monday, 13th November 2023 to Sunday, 19th November 2023
Final Term Examinations: Monday, 15th January 2024 to Sunday, 21st January 2024
Result Announcement: Monday, 29th January 2024

HOLIDAYS FALL 2023
Independence Day: Monday, 14th August 2023 (Public Holiday)
Eid Milad-un-Nabi (S.A.W.W): Friday, 29th September 2023 (Date may vary subject to sighting of moon.)
Iqbal Day: Thursday, 9th November 2023 (Subject to announced by Govt.)
Quaid-e-Azam Day: Monday, 25th December 2023 (Public Holiday)
Kashmir Day: Monday, 5th February 2024 (Public Holiday)

ACADEMIC CALENDAR SUMMER 2023
Fee Submission & Course Registration: Monday, 3rd July 2023 to Friday, 7th July 2023
Commencement of Classes: Monday, 3rd July 2023 to Tuesday, 29th August 2023
Add/Drop/Withdrawal/Freezing Courses/Semester: Monday, 3rd July 2023 to Monday, 10th July 2023
Mid-Term Examinations: Monday, 31st July 2023 to Tuesday, 1st August 2023
Final Term Examinations: Wednesday, 30th August 2023 to Thursday, 31st August 2023
Result Announcement: Monday, 4th September 2023

HOLIDAYS SUMMER 2023
Eid-ul-Azha: Wednesday, 28th June 2023 to Friday, 30th June 2023 (Dates may vary subject to Sighting of Moon)
Ashura: Friday, 28th July 2023 to Saturday, 29th July 2023 (Dates may vary subject to Sighting of Moon)
Independence Day: Monday, 14th August 2023 (Public Holiday)
Defence Day: Wednesday, 6th September 2023 (Public Holiday - Subject to announced by Govt.)

ACADEMIC CALENDAR SPRING 2023
Fee Submission: Tuesday, 31st January 2023 to Monday, 13th February 2023
Course Registration: Tuesday, 7th February 2023 to Friday, 17th February 2023
Commencement of Classes: Monday, 20th February 2023 to Sunday, 18th June, 2023
Add/Drop/Withdrawal/Freezing Courses/Semester: Monday, 20th February 2023 to Sunday, 5th March 2023
Mid-Term Examinations: Tuesday, 2nd May 2023 to Monday, 8th May 2023
Final Term Examinations: Monday, 19th June 2023 to Sunday, 25th June 2023
Result Announcement: Monday, 3rd July 2023

HOLIDAYS SPRING 2023
Kashmir Day: Sunday, 5th February 2023 (Public Holiday)
Pakistan Day: Thursday, 23rd March 2023 (Public Holiday)
Eid-ul-Fitr: Saturday, 22nd April to Monday, 24th April 2023 (Date may vary subject to Sighting of Moon)
Labour’s Day: Monday, 1st May 2023
Eid-ul-Azha: Wednesday, 28th June to Friday, 30th June 2023 (Date may vary subject to Sighting of Moon)

ACADEMIC CALENDAR FALL 2022
Fee Submission: Monday, 22nd August 2022 to Monday, 6th September 2022
Course Registration: Monday, 12th September 2022 to Saturday, 24th September 2022
Commencement of Classes: Monday, 26th September 2022 to Sunday, 22nd January, 2023
Add/Drop/Withdrawal/Freezing Courses/Semester: Monday, 26th September 2022 to Sunday, 16th October 2022
Mid-Term Examinations: Monday, 21st November 2022 to Sunday, 27th November 2022
Final Term Examinations: Monday, 23rd January 2023 to Sunday, 29th January 2023
Result Announcement: Monday, 6th February 2023

HOLIDAYS FALL 2022
Independence Day: Sunday, 14th August 2022 (Public Holiday)
12th Rabiul Awwal: Saturday, 8th October 2022 (Date may vary subject to Sighting of Moon)
Quaid-e-Azam Day: Sunday, 25th December 2022
Benazir Bhutto’s Death Anniversary: Tuesday, 27th December 2022
Kashmir Day: Sunday, 5th February 2023

ACADEMIC CALENDAR SPRING 2022
Fee Submission: Monday, 24th January 2022 to Thursday, 17th February 2022
Course Registration: Thursday, 10th February 2022 to Thursday, 17th February 2022
Commencement of Classes: Monday, 21st February 2022 to Sunday, 19th June, 2022
Add/Drop/Withdrawal/Freezing Courses/Semester: Monday, 21st February 2022 to Monday, 07th March 2022
Mid-Term Examinations: Monday, 11th April 2022 to Sunday, 17th April 2022 (Scheduled earlier due to Aitkaaf)
Final Term Examinations: Monday, 20th June 2022 to Sunday, 26th June 2022
Result Announcement: Monday, 04th July 2022

HOLIDAYS SPRING 2022
Kashmir Day: Saturday, 5th February 2022
Holi: Thursday, 17th March 2022 (For Hindus Only)
Shab-e-Bara’at: Saturday, 19th March 2022 (Subject to Sighting of Moon)
Pakistan Day: Wednesday, 23rd March 2022
Death Anniversary of Zulfiqar Ali Bhutto: Monday, 4th April 2022
Easter: Sunday, 17th April 2022 (For Christians Only)
Youm-e-Ali (R.A): Saturday, 23rd April 2022
Labour Day: Sunday, 1st May 2022
Eid-ul-Fitr: Tuesday, 3rd May 2022 to Thursday, 5th May 2022 (Dates may vary subject to sighting of moon)

ACADEMIC CALENDAR FALL 2021
Fee Submission: Monday, 23rd August 2021 to Thursday, 9th September 2021
Course Registration: Thursday, 26th August 2021 to Thursday, 9th September 2021
Commencement of Classes: Monday, 20th September 2021 to Sunday, 16th January 2022
Add/Drop/Withdrawal/Freezing Courses/Semester: Monday, 20th September 2021 to Monday, 4th October 2021
Mid-Term Examinations: Monday, 15th November 2021 to Sunday, 21st November 2021
Final Term Examinations: Monday, 17th January 2022 to Sunday, 23rd January 2022
Result Announcement: Monday, 31st January 2022

HOLIDAYS FALL 2021
Independence Day: Saturday, 14th August 2021 (Public Holiday)
Ashura: Wednesday, 18th August 2021 to Thursday, 19th August 2021 (Dates may vary subject to Sighting of Moon)
12th Rabiul awwal: Tuesday, 19th October 2021 (Date may vary subject to Sighting of Moon)
Quaid-e-Azam Day: Saturday, 25th December 2021
Kashmir Day: Saturday, 5th February 2022

ACADEMIC CALENDAR SPRING 2021
Fee Submission: Thursday 21st January 2021 to Wednesday 03rd February 2021
Course Registration: Thursday 04th February 2021 to Thursday 11th February 2021
Commencement of Classes – Hybrid: Monday, 15th February 2021
Add/Drop Period/Semester Freeze: Monday, 15th February 2021 to Sunday, 28th February 2021
Course Withdrawal ‘W’: Monday, 1st March 2021 to Friday, 12th March 2021
Mid-Term Examinations: Tuesday, 20th April 2021 to Monday, 26th April 2021
Suspension of Classes (Covid-19): Tuesday, 27th April 2021 to Monday, 17th May 2021
Resumption of Classes (Online): Tuesday, 18th May 2021 to Sunday, 4th July 2021
Final Term Examinations: Monday, 05th July 2021 to Monday, 12th July 2021
Result Announcement: Monday, 19th July 2021

HOLIDAYS SPRING 2021
Kashmir Day: Friday, 05th February 2021
Shab-e-Mairaj: Thursday, 11th March 2021
Shab-e-Bara’at: Monday 22nd March 2021
Pakistan Day: Tuesday, 23rd March 2021
Holi (For Hindu Students): Sunday, 28th March 2021
Zulifqar Ali Bhutto’s Anniversary: Sunday, 04th April 2021
Easter (For Christian Students): Sunday, 04th April 2021 to Monday, 05th April 2021
Eid-ul-Fitr: Thursday, 13th May 2021 to Sunday, 16th May 2021
Eid-ul-Azha: Tuesday, 20th July 2021 to Thursday, 22nd July 2021
Independence Day: Saturday, 14th August 2021
Aushura: Wednesday, 18th August 2021 to Thursday, 19th August 2021

ACADEMIC CALENDAR FALL 2020
Course Registration: Monday August 31, 2020 to Monday September 14, 2020
Beginning of Regular Classes: Monday September 28, 2020
Add/Drop Period/Semester Freeze: Monday September 28, 2020 to Sunday October 11, 2020
Course Withdrawal ‘W’: Monday October 12, 2020 to Friday October 23, 2020
Mid-Term Examinations: Monday November 23, 2020 to Sunday November 29, 2020
Final Examinations: Monday January 25, 2021 to Sunday January 31, 2021
Result Announcement: Monday February 15, 2021

HOLIDAYS FALL 2020
Chehlum Imam Hussain (R.A): Wednesday October 7, 2020
Eid Milad un Nabi (S.A.W.W): Thursday October 29, 2020
Iqbal Day: Monday November 9, 2020
Diwali (For Hindu Students): Saturday November 14, 2020
Quaid e Azam Day: Friday December 25, 2020
Kashmir Day: Friday February 5, 2021

ACADEMIC CALENDAR SPRING 2020
Course Registration: Tuesday January 21, 2020 to Thursday February 06, 2020
Beginning of Regular Classes: Monday February 10, 2020
Add/Drop Period/Semester Freeze: Monday February 10, 2020 to Monday February 24, 2020
Course Withdrawal ‘W’: Wednesday February 19, 2020 to Monday March 16, 2020
Mid Term Examinations: Monday April 20, 2020 to Monday April 27, 2020
Final Examinations: Monday June 15, 2020 to Monday June 22, 2020
Result Announcement: Tuesday June 30, 2020

HOLIDAYS SPRING 2020
Kashmir Day: Wednesday February 05, 2020
Precautionary Corona Virus off: Monday 02, March, 2020 to Friday 13, March, 2020
Pakistan Day: Monday March 23, 2020
Death Anniversary of Zulfiqar Ali Bhuto: Saturday April 04, 2020
Labour Day: Friday May 01, 2020
Eid-Ul-Fitr Holidays: Monday May 25, 2020 to Wednesday May 27, 2020
Eid-Ul-Ezha Holidays: Thursday July 30, 2020 to Saturday August 01, 2020

ACADEMIC CALENDAR FALL 2019
Course Registration: Monday August 12, 2019 to Friday August 30, 2019
Beginning of Regular Classes: Wednesday September 11, 2019
Add/Drop/Semester Freeze: Wednesday September 11, 2019 to Wednesday September 25, 2019
Course Withdrawal ‘W’: Monday September 23, 2019 to Friday October 18, 2019
Mid Term Examinations: Monday November 11, 2019 to Sunday November 17, 2019
Final Examinations: Monday January 13, 2020 to Monday January 20, 2020
Result Announcement: Thursday January 30, 2020

HOLIDAYS FALL 2019
Ashora Holidays: Sunday September 8, 2019 to Monday September 9, 2019
Urs of Shah Abdul Latif Bhitai: Monday October 14, 2019
Eid Milad Un Nabi (S.A.W.W): Saturday November 9, 2019
Quaid-e-Azam Day: Wednesday December 25, 2019
Death Anniversary of Benazir Bhutto: Friday December 27, 2019

ACADEMIC CALENDAR SPRING 2019
Online Course Registration: January 19, 2019 to January 31, 2019
Beginning of Regular Classes: Wednesday February 6, 2019
Add/Drop Period/Semester Freeze: Wednesday February 6, 2019 to Wednesday February 20, 2019
Course Withdrawal ‘W’: Monday February 18, 2019 to Friday March 15, 2019
Mid Term Examinations: Monday April 1, 2019 to Monday April 8, 2019
Final Examinations: Monday June 10, 2019 to Monday June 17, 2019
Result Announcement: Friday June 28, 2019

HOLIDAYS SPRING 2019
Pakistan Day: Saturday March 23, 2019
Death Anniversary of Zulfiqar Ali Bhutto: Thursday April 4, 2019
Labor Day: Wednesday May 1, 2019
Eid Ul Fitr Holidays: Tuesday June 5, 2019 to Friday June 7, 2019
